<?xml version="1.0"?>
<doc>
    <assembly>
        <name>Hahn.ApplicatonProcess.December2020.Web-Host</name>
    </assembly>
    <members>
        <member name="M:Hahn.ApplicatonProcess.December2020.Web_Host.ApplicantController.Get">
            <summary>
            Gets a all Applicants.
            </summary>
        </member>
        <member name="M:Hahn.ApplicatonProcess.December2020.Web_Host.ApplicantController.Get(System.Int32)">
            <summary>
            Gets a specific Applicant.
            </summary>
            <param name="id" example="1"></param>  
        </member>
        <member name="M:Hahn.ApplicatonProcess.December2020.Web_Host.ApplicantController.Post(Hahn.ApplicatonProcess.December2020.Data.Applicant)">
            <summary>
            Add a new Applicant to the Database.
            </summary>
            <returns>A the URL to the newly created Applicant</returns>
            <response code="201">Returns the newly created item</response>
            <response code="400">Returns Error Message</response>  
        </member>
        <member name="M:Hahn.ApplicatonProcess.December2020.Web_Host.ApplicantController.Put(System.Int32,Hahn.ApplicatonProcess.December2020.Data.Applicant)">
            <summary>
            Edits an Applicant in the Database.
            </summary>
            <param name="id" example="10"></param>   
            <param name="applicant"></param>   
            <returns>A the URL to the newly created Applicant</returns>
            <response code="201">Returns the newly created item</response>
            <response code="400">Returns Error Message</response>  
        </member>
        <member name="M:Hahn.ApplicatonProcess.December2020.Web_Host.ApplicantController.Delete(System.Int32)">
            <summary>
            Deletes a specific Applicant.
            </summary>
            <param name="id" example="10"></param>  
        </member>
    </members>
</doc>
