<?xml version="1.0"?>
<doc>
    <assembly>
        <name>Hahn.ApplicatonProcess.December2020.Data</name>
    </assembly>
    <members>
        <member name="P:Hahn.ApplicatonProcess.December2020.Data.Applicant.ID">
            <example>10</example>
        </member>
        <member name="P:Hahn.ApplicatonProcess.December2020.Data.Applicant.Name">
            <example>Erika</example>
        </member>
        <member name="P:Hahn.ApplicatonProcess.December2020.Data.Applicant.FamilyName">
            <example>Musterfrau</example>
        </member>
        <member name="P:Hahn.ApplicatonProcess.December2020.Data.Applicant.Address">
            <example>Kleinkleckersdorf</example>
        </member>
        <member name="P:Hahn.ApplicatonProcess.December2020.Data.Applicant.CountryOfOrigin">
            <example>Germany</example>
        </member>
        <member name="P:Hahn.ApplicatonProcess.December2020.Data.Applicant.EMailAdress">
            <example>musterfrau@gmail.com</example>
        </member>
        <member name="P:Hahn.ApplicatonProcess.December2020.Data.Applicant.Age">
            <example>30</example>
        </member>
        <member name="P:Hahn.ApplicatonProcess.December2020.Data.Applicant.Hired">
            <example>false</example>
        </member>
    </members>
</doc>
